Date;Time;Price
08/03/2024;18:00;17,01
07/03/2024;12:00;16,9
06/03/2024;12:00;16,99
05/03/2024;12:00;17,02
04/03/2024;12:00;16,92
01/03/2024;12:00;16,86
29/02/2024;12:00;16,87
28/02/2024;12:00;16,85
27/02/2024;12:00;16,88
26/02/2024;12:00;16,87
23/02/2024;12:00;16,67
22/02/2024;12:00;16,61
21/02/2024;12:00;16,67
20/02/2024;12:00;16,7
19/02/2024;12:00;16,71
16/02/2024;12:00;16,65
15/02/2024;12:00;16,5
14/02/2024;12:00;16,59
13/02/2024;12:00;16,63
12/02/2024;12:00;16,58
09/02/2024;12:00;16,54
08/02/2024;12:00;16,47
07/02/2024;12:00;16,45
06/02/2024;12:00;16,39
05/02/2024;12:00;16,3
02/02/2024;12:00;16,23
01/02/2024;12:00;16,3
31/01/2024;12:00;16,32
30/01/2024;12:00;16,22
29/01/2024;12:00;16,13
26/01/2024;12:00;16,02
25/01/2024;12:00;15,96
24/01/2024;12:00;15,92
23/01/2024;12:00;15,85
22/01/2024;12:00;15,76
19/01/2024;12:00;15,65
18/01/2024;12:00;15,69
17/01/2024;12:00;15,74
16/01/2024;12:00;15,76
15/01/2024;12:00;15,71
12/01/2024;12:00;15,7
11/01/2024;12:00;15,69
10/01/2024;12:00;15,68
09/01/2024;12:00;15,6
08/01/2024;12:00;15,55
05/01/2024;12:00;15,58
04/01/2024;12:00;15,69
03/01/2024;12:00;15,75
02/01/2024;12:00;15,72
29/12/2023;12:00;15,7
28/12/2023;12:00;15,72
27/12/2023;12:00;15,7
22/12/2023;12:00;15,66
21/12/2023;12:00;15,73
20/12/2023;12:00;15,71
19/12/2023;12:00;15,7
18/12/2023;12:00;15,69
15/12/2023;12:00;15,69
14/12/2023;12:00;15,63
13/12/2023;12:00;15,59
12/12/2023;12:00;15,55
11/12/2023;12:00;15,45
07/12/2023;12:00;15,37
06/12/2023;12:00;15,32
05/12/2023;12:00;15,32
04/12/2023;12:00;15,22
01/12/2023;12:00;15,11
30/11/2023;12:00;15,05
29/11/2023;12:00;15,06
28/11/2023;12:00;15,11
27/11/2023;12:00;15,12
24/11/2023;12:00;15,11
23/11/2023;12:00;15,04
22/11/2023;12:00;15,03
21/11/2023;12:00;15,02
20/11/2023;12:00;14,98
17/11/2023;12:00;14,99
16/11/2023;12:00;14,98
15/11/2023;12:00;14,84
14/11/2023;12:00;14,77
13/11/2023;12:00;14,7
10/11/2023;12:00;14,71
09/11/2023;12:00;14,67
08/11/2023;12:00;14,62
07/11/2023;12:00;14,6
06/11/2023;12:00;14,57
03/11/2023;12:00;14,41
02/11/2023;12:00;14,18
31/10/2023;12:00;14,08
30/10/2023;12:00;14,12
27/10/2023;12:00;14,24
25/10/2023;12:00;14,26
24/10/2023;12:00;14,26
23/10/2023;12:00;14,42
20/10/2023;12:00;14,58
19/10/2023;12:00;14,74
18/10/2023;12:00;14,79
17/10/2023;12:00;14,77
16/10/2023;12:00;14,83
13/10/2023;12:00;14,87
12/10/2023;12:00;14,87
11/10/2023;12:00;14,76
10/10/2023;12:00;14,72
09/10/2023;12:00;14,61
06/10/2023;12:00;14,6
05/10/2023;12:00;14,58
04/10/2023;12:00;14,69
03/10/2023;12:00;14,75
02/10/2023;12:00;14,77
29/09/2023;12:00;14,7
28/09/2023;12:00;14,67
27/09/2023;12:00;14,76
26/09/2023;12:00;14,79
25/09/2023;12:00;14,83
22/09/2023;12:00;14,98
21/09/2023;12:00;15,03
20/09/2023;12:00;15,06
19/09/2023;12:00;15,14
18/09/2023;12:00;15,21
15/09/2023;12:00;15,07
14/09/2023;12:00;15,05
13/09/2023;12:00;15,12
12/09/2023;12:00;15,1
11/09/2023;12:00;15,08
08/09/2023;12:00;15,11
07/09/2023;12:00;15,18
06/09/2023;12:00;15,22
05/09/2023;12:00;15,21
04/09/2023;12:00;15,16
01/09/2023;12:00;15,16
31/08/2023;12:00;15,32
30/08/2023;12:00;15,2
29/08/2023;12:00;15,08
28/08/2023;12:00;15
25/08/2023;12:00;15,1
24/08/2023;12:00;15,02
23/08/2023;12:00;14,95
22/08/2023;12:00;14,9
21/08/2023;12:00;14,91
18/08/2023;12:00;15,04
17/08/2023;12:00;15,14
16/08/2023;12:00;15,23
14/08/2023;12:00;15,25
11/08/2023;12:00;15,25
10/08/2023;12:00;15,27
09/08/2023;12:00;15,3
08/08/2023;12:00;15,26
07/08/2023;12:00;15,26
04/08/2023;12:00;15,3
03/08/2023;12:00;15,48
02/08/2023;12:00;15,57
01/08/2023;12:00;15,57
31/07/2023;12:00;15,49
28/07/2023;12:00;15,44
27/07/2023;12:00;15,43
26/07/2023;12:00;15,4
25/07/2023;12:00;15,34
24/07/2023;12:00;15,31
21/07/2023;12:00;15,31
20/07/2023;12:00;15,27
19/07/2023;12:00;15,21
18/07/2023;12:00;15,22
17/07/2023;12:00;15,25
14/07/2023;12:00;15,21
13/07/2023;12:00;15,12
12/07/2023;12:00;15,02
11/07/2023;12:00;14,98
10/07/2023;12:00;15,01
07/07/2023;12:00;15,19
06/07/2023;12:00;15,32
05/07/2023;12:00;15,33
04/07/2023;12:00;15,34
03/07/2023;12:00;15,21
30/06/2023;12:00;15,12
29/06/2023;12:00;15,05
28/06/2023;12:00;14,97
27/06/2023;12:00;15,02
26/06/2023;12:00;15,08
23/06/2023;12:00;15,07
22/06/2023;12:00;15,16
21/06/2023;12:00;15,26
20/06/2023;12:00;15,32
19/06/2023;12:00;15,38
16/06/2023;12:00;15,35
15/06/2023;12:00;15,33
14/06/2023;12:00;15,25
13/06/2023;12:00;15,15
12/06/2023;12:00;15,1
09/06/2023;12:00;15,14
07/06/2023;12:00;15,17
06/06/2023;12:00;15,15
05/06/2023;12:00;15,01
02/06/2023;12:00;14,89
01/06/2023;12:00;14,93
31/05/2023;12:00;15
30/05/2023;12:00;14,9
26/05/2023;12:00;14,77
25/05/2023;12:00;14,85
24/05/2023;12:00;15,03
23/05/2023;12:00;15,04
22/05/2023;12:00;14,99
19/05/2023;12:00;14,8
17/05/2023;12:00;14,83
16/05/2023;12:00;14,81
15/05/2023;12:00;14,77
12/05/2023;12:00;14,74
11/05/2023;12:00;14,71
10/05/2023;12:00;14,73
09/05/2023;12:00;14,69
08/05/2023;12:00;14,52
05/05/2023;12:00;14,55
04/05/2023;12:00;14,62
03/05/2023;12:00;14,74
02/05/2023;12:00;14,65
28/04/2023;12:00;14,54
27/04/2023;12:00;14,55
26/04/2023;12:00;14,71
25/04/2023;12:00;14,76
24/04/2023;12:00;14,76
21/04/2023;12:00;14,8
20/04/2023;12:00;14,82
19/04/2023;12:00;14,77
18/04/2023;12:00;14,74
17/04/2023;12:00;14,71
14/04/2023;12:00;14,63
13/04/2023;12:00;14,64
12/04/2023;12:00;14,61
11/04/2023;12:00;14,54
06/04/2023;12:00;14,59
05/04/2023;12:00;14,67
04/04/2023;12:00;14,67
03/04/2023;12:00;14,58
31/03/2023;12:00;14,45
30/03/2023;12:00;14,3
29/03/2023;12:00;14,27
28/03/2023;12:00;14,27
27/03/2023;12:00;14,25
24/03/2023;12:00;14,27
23/03/2023;12:00;14,32
22/03/2023;12:00;14,24
21/03/2023;12:00;14,18
20/03/2023;12:00;14,24
17/03/2023;12:00;14,19
16/03/2023;12:00;14,22
15/03/2023;12:00;14,11
14/03/2023;12:00;14,22
13/03/2023;12:00;14,49
10/03/2023;12:00;14,67
09/03/2023;12:00;14,67
08/03/2023;12:00;14,75
07/03/2023;12:00;14,79
06/03/2023;12:00;14,66
03/03/2023;12:00;14,54
02/03/2023;12:00;14,54
01/03/2023;12:00;14,62
28/02/2023;12:00;14,6
27/02/2023;12:00;14,65
24/02/2023;12:00;14,67
23/02/2023;12:00;14,65
22/02/2023;12:00;14,75
21/02/2023;12:00;14,82
20/02/2023;12:00;14,85
17/02/2023;12:00;14,89
16/02/2023;12:00;14,86
15/02/2023;12:00;14,83
14/02/2023;12:00;14,76
13/02/2023;12:00;14,73
10/02/2023;12:00;14,78
09/02/2023;12:00;14,85
08/02/2023;12:00;14,79
07/02/2023;12:00;14,78
06/02/2023;12:00;14,79
03/02/2023;12:00;14,66
02/02/2023;12:00;14,55
01/02/2023;12:00;14,46
31/01/2023;12:00;14,5
30/01/2023;12:00;14,51
27/01/2023;12:00;14,43
26/01/2023;12:00;14,41
25/01/2023;12:00;14,43
24/01/2023;12:00;14,36
23/01/2023;12:00;14,22
20/01/2023;12:00;14,32
19/01/2023;12:00;14,41
18/01/2023;12:00;14,41
17/01/2023;12:00;14,39
16/01/2023;12:00;14,34
13/01/2023;12:00;14,27
12/01/2023;12:00;14,19
11/01/2023;12:00;14,14
10/01/2023;12:00;14,14
09/01/2023;12:00;14
05/01/2023;12:00;13,92
04/01/2023;12:00;13,78
03/01/2023;12:00;13,68
02/01/2023;12:00;13,72
30/12/2022;12:00;13,65
29/12/2022;12:00;13,67
28/12/2022;12:00;13,72
27/12/2022;12:00;13,69
23/12/2022;12:00;13,79
22/12/2022;12:00;13,71
21/12/2022;12:00;13,66
20/12/2022;12:00;13,72
19/12/2022;12:00;13,84
16/12/2022;12:00;14,15
15/12/2022;12:00;14,31
14/12/2022;12:00;14,26
13/12/2022;12:00;14,15
12/12/2022;12:00;14,14
09/12/2022;12:00;14,13
07/12/2022;12:00;14,24
06/12/2022;12:00;14,4
05/12/2022;12:00;14,51
02/12/2022;12:00;14,51
01/12/2022;12:00;14,34
30/11/2022;12:00;14,25
29/11/2022;12:00;14,36
28/11/2022;12:00;14,4
25/11/2022;12:00;14,39
24/11/2022;12:00;14,37
23/11/2022;12:00;14,27
22/11/2022;12:00;14,26
21/11/2022;12:00;14,18
18/11/2022;12:00;14,16
17/11/2022;12:00;14,24
16/11/2022;12:00;14,26
15/11/2022;12:00;14,29
14/11/2022;12:00;14,31
11/11/2022;12:00;13,94
10/11/2022;12:00;13,91
09/11/2022;12:00;13,86
08/11/2022;12:00;13,8
07/11/2022;12:00;13,71
04/11/2022;12:00;13,72
03/11/2022;12:00;13,87
02/11/2022;12:00;13,89
31/10/2022;12:00;13,75
28/10/2022;12:00;13,74
27/10/2022;12:00;13,72
25/10/2022;12:00;13,54
24/10/2022;12:00;13,42
21/10/2022;12:00;13,43
20/10/2022;12:00;13,49
19/10/2022;12:00;13,46
18/10/2022;12:00;13,26
17/10/2022;12:00;13,29
14/10/2022;12:00;13,13
13/10/2022;12:00;13,15
12/10/2022;12:00;13,24
11/10/2022;12:00;13,32
10/10/2022;12:00;13,52
07/10/2022;12:00;13,63
06/10/2022;12:00;13,68
05/10/2022;12:00;13,42
04/10/2022;12:00;13,17
03/10/2022;12:00;13,18
30/09/2022;12:00;13,41
29/09/2022;12:00;13,38
28/09/2022;12:00;13,35
27/09/2022;12:00;13,42
26/09/2022;12:00;13,52
23/09/2022;12:00;13,68
22/09/2022;12:00;13,75
21/09/2022;12:00;13,85
20/09/2022;12:00;13,88
19/09/2022;12:00;14
16/09/2022;12:00;14,16
15/09/2022;12:00;14,17
14/09/2022;12:00;14,46
13/09/2022;12:00;14,47
12/09/2022;12:00;14,3
09/09/2022;12:00;14,2
08/09/2022;12:00;14,13
07/09/2022;12:00;14,13
06/09/2022;12:00;14,13
05/09/2022;12:00;14,11
02/09/2022;12:00;14,16
01/09/2022;12:00;14,29
31/08/2022;12:00;14,49
30/08/2022;12:00;14,63
29/08/2022;12:00;14,98
26/08/2022;12:00;14,98
25/08/2022;12:00;14,94
24/08/2022;12:00;14,95
23/08/2022;12:00;15,11
22/08/2022;12:00;15,25
19/08/2022;12:00;15,21
18/08/2022;12:00;15,32
17/08/2022;12:00;15,33
16/08/2022;12:00;15,13
12/08/2022;12:00;15,02
11/08/2022;12:00;14,87
10/08/2022;12:00;14,93
09/08/2022;12:00;14,96
08/08/2022;12:00;14,99
05/08/2022;12:00;15
04/08/2022;12:00;14,84
03/08/2022;12:00;14,86
02/08/2022;12:00;14,86
01/08/2022;12:00;14,81
29/07/2022;12:00;14,62
28/07/2022;12:00;14,4
27/07/2022;12:00;14,36
26/07/2022;12:00;14,38
25/07/2022;12:00;14,43
22/07/2022;12:00;14,34
21/07/2022;12:00;14,22
20/07/2022;12:00;14,05
19/07/2022;12:00;14
18/07/2022;12:00;13,86
15/07/2022;12:00;13,86
14/07/2022;12:00;13,94
13/07/2022;12:00;14,02
12/07/2022;12:00;14,08
11/07/2022;12:00;14,04
08/07/2022;12:00;13,86
07/07/2022;12:00;13,7
06/07/2022;12:00;13,63
05/07/2022;12:00;13,58
04/07/2022;12:00;13,56
01/07/2022;12:00;13,61
30/06/2022;12:00;13,67
29/06/2022;12:00;13,76
28/06/2022;12:00;13,78
27/06/2022;12:00;13,53
24/06/2022;12:00;13,39
23/06/2022;12:00;13,42
22/06/2022;12:00;13,32
21/06/2022;12:00;13,28
20/06/2022;12:00;13,33
17/06/2022;12:00;13,46
15/06/2022;12:00;13,57
14/06/2022;12:00;13,89
13/06/2022;12:00;14,2
10/06/2022;12:00;14,46
09/06/2022;12:00;14,64
08/06/2022;12:00;14,62
07/06/2022;12:00;14,66
03/06/2022;12:00;14,58
02/06/2022;12:00;14,61
01/06/2022;12:00;14,66
31/05/2022;12:00;14,65
30/05/2022;12:00;14,42
27/05/2022;12:00;14,1
25/05/2022;12:00;14,21
24/05/2022;12:00;14,15
23/05/2022;12:00;14,12
20/05/2022;12:00;14,19
19/05/2022;12:00;14,49
18/05/2022;12:00;14,41
17/05/2022;12:00;14,42
16/05/2022;12:00;14,19
13/05/2022;12:00;14,09
12/05/2022;12:00;14,04
11/05/2022;12:00;14,02
10/05/2022;12:00;14,41
09/05/2022;12:00;14,55
06/05/2022;12:00;14,88
05/05/2022;12:00;14,85
04/05/2022;12:00;14,82
03/05/2022;12:00;14,84
02/05/2022;12:00;15,03
29/04/2022;12:00;14,85
28/04/2022;12:00;14,71
27/04/2022;12:00;14,83
26/04/2022;12:00;14,92
25/04/2022;12:00;15,17
22/04/2022;12:00;15,32
21/04/2022;12:00;15,27
20/04/2022;12:00;15,16
19/04/2022;12:00;15,19
14/04/2022;12:00;15,11
13/04/2022;12:00;15,13
12/04/2022;12:00;15,29
11/04/2022;12:00;15,27
08/04/2022;12:00;15,25
07/04/2022;12:00;15,45
06/04/2022;12:00;15,57
05/04/2022;12:00;15,48
04/04/2022;12:00;15,38
01/04/2022;12:00;15,5
31/03/2022;12:00;15,62
30/03/2022;12:00;15,5
29/03/2022;12:00;15,42
28/03/2022;12:00;15,36
25/03/2022;12:00;15,3
24/03/2022;12:00;15,39
23/03/2022;12:00;15,36
22/03/2022;12:00;15,29
21/03/2022;12:00;15,12
18/03/2022;12:00;15
17/03/2022;12:00;14,74
16/03/2022;12:00;14,52
15/03/2022;12:00;14,48
14/03/2022;12:00;14,44
11/03/2022;12:00;14,57
10/03/2022;12:00;14,25
09/03/2022;12:00;14,17
08/03/2022;12:00;14,45
07/03/2022;12:00;14,76
04/03/2022;12:00;14,95
03/03/2022;12:00;14,84
02/03/2022;12:00;14,98
01/03/2022;12:00;15,08
28/02/2022;12:00;14,87
25/02/2022;12:00;14,8
24/02/2022;12:00;14,89
23/02/2022;12:00;15
22/02/2022;12:00;15,11
21/02/2022;12:00;15,25
18/02/2022;12:00;15,43
17/02/2022;12:00;15,47
16/02/2022;12:00;15,32
15/02/2022;12:00;15,35
14/02/2022;12:00;15,56
11/02/2022;12:00;15,72
10/02/2022;12:00;15,55
09/02/2022;12:00;15,41
08/02/2022;12:00;15,38
07/02/2022;12:00;15,46
04/02/2022;12:00;15,76
03/02/2022;12:00;15,81
02/02/2022;12:00;15,73
01/02/2022;12:00;15,54
31/01/2022;12:00;15,47
28/01/2022;12:00;15,37
27/01/2022;12:00;15,24
26/01/2022;12:00;15,28
25/01/2022;12:00;15,53
24/01/2022;12:00;15,78
21/01/2022;12:00;15,9
20/01/2022;12:00;15,94
19/01/2022;12:00;16,06
18/01/2022;12:00;16,1
17/01/2022;12:00;16,15
14/01/2022;12:00;16,32
13/01/2022;12:00;16,31
12/01/2022;12:00;16,2
11/01/2022;12:00;16,27
10/01/2022;12:00;16,38
07/01/2022;12:00;16,57
05/01/2022;12:00;16,71
04/01/2022;12:00;16,62
03/01/2022;12:00;16,64
30/12/2021;12:00;16,62
29/12/2021;12:00;16,62
28/12/2021;12:00;16,51
27/12/2021;12:00;16,42
23/12/2021;12:00;16,24
22/12/2021;12:00;16,02
21/12/2021;12:00;16,1
20/12/2021;12:00;16,23
17/12/2021;12:00;16,3
16/12/2021;12:00;16,17
15/12/2021;12:00;16,25
14/12/2021;12:00;16,38
13/12/2021;12:00;16,37
10/12/2021;12:00;16,43
09/12/2021;12:00;16,32
07/12/2021;12:00;15,99
06/12/2021;12:00;16,01
03/12/2021;12:00;16,01
02/12/2021;12:00;15,99
01/12/2021;12:00;16,15
30/11/2021;12:00;16,13
29/11/2021;12:00;16,4
26/11/2021;12:00;16,56
25/11/2021;12:00;16,52
24/11/2021;12:00;16,62
23/11/2021;12:00;16,72
22/11/2021;12:00;16,73
19/11/2021;12:00;16,73
18/11/2021;12:00;16,75
17/11/2021;12:00;16,68
16/11/2021;12:00;16,6
15/11/2021;12:00;16,51
12/11/2021;12:00;16,43
11/11/2021;12:00;16,45
10/11/2021;12:00;16,48
09/11/2021;12:00;16,49
08/11/2021;12:00;16,49
05/11/2021;12:00;16,41
04/11/2021;12:00;16,31
03/11/2021;12:00;16,25
02/11/2021;12:00;16,14
29/10/2021;12:00;16,04
28/10/2021;12:00;16,08
27/10/2021;12:00;16,02
25/10/2021;12:00;15,97
22/10/2021;12:00;15,93
21/10/2021;12:00;15,89
20/10/2021;12:00;15,82
19/10/2021;12:00;15,81
18/10/2021;12:00;15,75
15/10/2021;12:00;15,58
14/10/2021;12:00;15,46
13/10/2021;12:00;15,43
12/10/2021;12:00;15,48
11/10/2021;12:00;15,54
08/10/2021;12:00;15,43
07/10/2021;12:00;15,39
06/10/2021;12:00;15,27
05/10/2021;12:00;15,37
04/10/2021;12:00;15,41
01/10/2021;12:00;15,45
30/09/2021;12:00;15,43
29/09/2021;12:00;15,67
28/09/2021;12:00;15,82
27/09/2021;12:00;15,87
24/09/2021;12:00;15,77
23/09/2021;12:00;15,64
22/09/2021;12:00;15,55
21/09/2021;12:00;15,7
20/09/2021;12:00;15,85
17/09/2021;12:00;15,84
16/09/2021;12:00;15,82
15/09/2021;12:00;15,85
14/09/2021;12:00;15,85
13/09/2021;12:00;15,87
10/09/2021;12:00;15,91
09/09/2021;12:00;15,98
08/09/2021;12:00;16,01
07/09/2021;12:00;15,98
06/09/2021;12:00;15,98
03/09/2021;12:00;15,98
02/09/2021;12:00;15,94
01/09/2021;12:00;15,93
31/08/2021;12:00;15,93
30/08/2021;12:00;15,86
27/08/2021;12:00;15,9
26/08/2021;12:00;15,9
25/08/2021;12:00;15,88
24/08/2021;12:00;15,79
23/08/2021;12:00;15,72
20/08/2021;12:00;15,77
19/08/2021;12:00;15,84
18/08/2021;12:00;15,89
17/08/2021;12:00;15,92
16/08/2021;12:00;15,93
13/08/2021;12:00;15,91
12/08/2021;12:00;15,88
11/08/2021;12:00;15,84
10/08/2021;12:00;15,8
09/08/2021;12:00;15,77
06/08/2021;12:00;15,71
05/08/2021;12:00;15,65
04/08/2021;12:00;15,56
03/08/2021;12:00;15,54
02/08/2021;12:00;15,57
30/07/2021;12:00;15,56
29/07/2021;12:00;15,49
28/07/2021;12:00;15,54
27/07/2021;12:00;15,59
26/07/2021;12:00;15,51
23/07/2021;12:00;15,39
22/07/2021;12:00;15,23
21/07/2021;12:00;15,08
20/07/2021;12:00;15,23
19/07/2021;12:00;15,37
16/07/2021;12:00;15,46
15/07/2021;12:00;15,48
14/07/2021;12:00;15,47
13/07/2021;12:00;15,4
12/07/2021;12:00;15,26
09/07/2021;12:00;15,38
08/07/2021;12:00;15,4
07/07/2021;12:00;15,39
06/07/2021;12:00;15,38
05/07/2021;12:00;15,32
02/07/2021;12:00;15,24
01/07/2021;12:00;15,27
30/06/2021;12:00;15,26
29/06/2021;12:00;15,25
28/06/2021;12:00;15,22
25/06/2021;12:00;15,12
24/06/2021;12:00;15,16
23/06/2021;12:00;15,11
22/06/2021;12:00;15,02
21/06/2021;12:00;15,12
18/06/2021;12:00;15,1
17/06/2021;12:00;15,07
16/06/2021;12:00;15,07
15/06/2021;12:00;15,05
14/06/2021;12:00;14,97
11/06/2021;12:00;14,91
10/06/2021;12:00;14,9
09/06/2021;12:00;14,91
08/06/2021;12:00;14,9
07/06/2021;12:00;14,83
04/06/2021;12:00;14,8
02/06/2021;12:00;14,78
01/06/2021;12:00;14,81
31/05/2021;12:00;14,78
28/05/2021;12:00;14,73
27/05/2021;12:00;14,69
26/05/2021;12:00;14,68
25/05/2021;12:00;14,6
21/05/2021;12:00;14,44
20/05/2021;12:00;14,47
19/05/2021;12:00;14,54
18/05/2021;12:00;14,59
17/05/2021;12:00;14,45
14/05/2021;12:00;14,46
12/05/2021;12:00;14,61
11/05/2021;12:00;14,75
10/05/2021;12:00;14,71
07/05/2021;12:00;14,66
06/05/2021;12:00;14,59
05/05/2021;12:00;14,65
04/05/2021;12:00;14,66
03/05/2021;12:00;14,69
30/04/2021;12:00;14,71
29/04/2021;12:00;14,71
28/04/2021;12:00;14,71
27/04/2021;12:00;14,7
26/04/2021;12:00;14,63
23/04/2021;12:00;14,63
22/04/2021;12:00;14,54
21/04/2021;12:00;14,64
20/04/2021;12:00;14,75
19/04/2021;12:00;14,7
16/04/2021;12:00;14,6
15/04/2021;12:00;14,61
14/04/2021;12:00;14,59
13/04/2021;12:00;14,61
12/04/2021;12:00;14,58
09/04/2021;12:00;14,51
08/04/2021;12:00;14,53
07/04/2021;12:00;14,51
06/04/2021;12:00;14,35
01/04/2021;12:00;14,3
31/03/2021;12:00;14,26
30/03/2021;12:00;14,24
29/03/2021;12:00;14,07
26/03/2021;12:00;14
25/03/2021;12:00;14,02
24/03/2021;12:00;14,06
23/03/2021;12:00;14,02
22/03/2021;12:00;14,05
19/03/2021;12:00;14,14
18/03/2021;12:00;14,12
17/03/2021;12:00;14,11
16/03/2021;12:00;14,05
15/03/2021;12:00;14,06
12/03/2021;12:00;13,97
11/03/2021;12:00;13,92
10/03/2021;12:00;13,77
09/03/2021;12:00;13,68
08/03/2021;12:00;13,56
05/03/2021;12:00;13,64
04/03/2021;12:00;13,75
03/03/2021;12:00;13,81
02/03/2021;12:00;13,58
01/03/2021;12:00;13,57
26/02/2021;12:00;13,75
25/02/2021;12:00;13,75
24/02/2021;12:00;13,76
23/02/2021;12:00;13,86
22/02/2021;12:00;13,87
19/02/2021;12:00;13,94
18/02/2021;12:00;14
17/02/2021;12:00;14
16/02/2021;12:00;13,96
15/02/2021;12:00;13,88
12/02/2021;12:00;13,81
11/02/2021;12:00;13,82
10/02/2021;12:00;13,84
09/02/2021;12:00;13,81
08/02/2021;12:00;13,76
05/02/2021;12:00;13,65
04/02/2021;12:00;13,6
03/02/2021;12:00;13,45
02/02/2021;12:00;13,19
01/02/2021;12:00;13,32
29/01/2021;12:00;13,33
28/01/2021;12:00;13,49
27/01/2021;12:00;13,55
26/01/2021;12:00;13,56
25/01/2021;12:00;13,62
22/01/2021;12:00;13,66
21/01/2021;12:00;13,59
20/01/2021;12:00;13,52
19/01/2021;12:00;13,49
18/01/2021;12:00;13,56
15/01/2021;12:00;13,56
14/01/2021;12:00;13,54
13/01/2021;12:00;13,53
12/01/2021;12:00;13,58
11/01/2021;12:00;13,51
08/01/2021;12:00;13,35
07/01/2021;12:00;13,24
05/01/2021;12:00;13,25
04/01/2021;12:00;13,23
30/12/2020;12:00;13,23
29/12/2020;12:00;13,17
28/12/2020;12:00;13,07
23/12/2020;12:00;13
22/12/2020;12:00;13,07
21/12/2020;12:00;13,14
18/12/2020;12:00;13,1
17/12/2020;12:00;13,05
16/12/2020;12:00;12,98
15/12/2020;12:00;12,95
14/12/2020;12:00;12,99
11/12/2020;12:00;13,02
10/12/2020;12:00;13,07
09/12/2020;12:00;13,05
07/12/2020;12:00;13
04/12/2020;12:00;12,99
03/12/2020;12:00;13,04
02/12/2020;12:00;13,01
01/12/2020;12:00;13,04
30/11/2020;12:00;13,05
27/11/2020;12:00;13,03
26/11/2020;12:00;13,03
25/11/2020;12:00;12,93
24/11/2020;12:00;12,88
23/11/2020;12:00;12,89
20/11/2020;12:00;12,88
19/11/2020;12:00;12,92
18/11/2020;12:00;12,93
17/11/2020;12:00;12,89
16/11/2020;12:00;12,8
13/11/2020;12:00;12,85
12/11/2020;12:00;12,8
11/11/2020;12:00;12,76
10/11/2020;12:00;12,58
09/11/2020;12:00;12,4
06/11/2020;12:00;12,3
05/11/2020;12:00;12,1
04/11/2020;12:00;11,89
03/11/2020;12:00;11,71
02/11/2020;12:00;11,69
30/10/2020;12:00;11,66
29/10/2020;12:00;11,86
28/10/2020;12:00;12,01
27/10/2020;12:00;12,16
23/10/2020;12:00;12,19
22/10/2020;12:00;12,26
21/10/2020;12:00;12,3
20/10/2020;12:00;12,4
19/10/2020;12:00;12,4
16/10/2020;12:00;12,44
15/10/2020;12:00;12,51
14/10/2020;12:00;12,54
13/10/2020;12:00;12,47
12/10/2020;12:00;12,39
09/10/2020;12:00;12,31
08/10/2020;12:00;12,19
07/10/2020;12:00;12,22
06/10/2020;12:00;12,13
05/10/2020;12:00;12,13
02/10/2020;12:00;12,1
01/10/2020;12:00;12,09
30/09/2020;12:00;12,12
29/09/2020;12:00;12,01
28/09/2020;12:00;11,86
25/09/2020;12:00;11,88
24/09/2020;12:00;11,96
23/09/2020;12:00;11,9
22/09/2020;12:00;12
21/09/2020;12:00;12,17
18/09/2020;12:00;12,24
17/09/2020;12:00;12,26
16/09/2020;12:00;12,2
15/09/2020;12:00;12,12
14/09/2020;12:00;12,09
11/09/2020;12:00;12,19
10/09/2020;12:00;12,09
09/09/2020;12:00;12,14
08/09/2020;12:00;12,15
07/09/2020;12:00;12,21
04/09/2020;12:00;12,47
03/09/2020;12:00;12,35
02/09/2020;12:00;12,23
01/09/2020;12:00;12,29
31/08/2020;12:00;12,42
28/08/2020;12:00;12,48
27/08/2020;12:00;12,4
26/08/2020;12:00;12,35
25/08/2020;12:00;12,26
24/08/2020;12:00;12,18
21/08/2020;12:00;12,17
20/08/2020;12:00;12,2
19/08/2020;12:00;12,2
18/08/2020;12:00;12,2
17/08/2020;12:00;12,23
14/08/2020;12:00;12,29
13/08/2020;12:00;12,23
12/08/2020;12:00;12,16
11/08/2020;12:00;12,1
10/08/2020;12:00;12,07
07/08/2020;12:00;12,06
06/08/2020;12:00;12,04
05/08/2020;12:00;12
04/08/2020;12:00;11,89
03/08/2020;12:00;11,88
31/07/2020;12:00;12
30/07/2020;12:00;12,03
29/07/2020;12:00;12,02
28/07/2020;12:00;12,06
27/07/2020;12:00;12,16
24/07/2020;12:00;12,26
23/07/2020;12:00;12,31
22/07/2020;12:00;12,34
21/07/2020;12:00;12,27
20/07/2020;12:00;12,22
17/07/2020;12:00;12,26
16/07/2020;12:00;12,18
15/07/2020;12:00;12,11
14/07/2020;12:00;12,15
13/07/2020;12:00;12,05
10/07/2020;12:00;12,07
09/07/2020;12:00;12,09
08/07/2020;12:00;12,16
07/07/2020;12:00;12,1
06/07/2020;12:00;12,06
03/07/2020;12:00;12
02/07/2020;12:00;11,93
01/07/2020;12:00;11,82
30/06/2020;12:00;11,76
29/06/2020;12:00;11,84
26/06/2020;12:00;11,78
25/06/2020;12:00;11,92
24/06/2020;12:00;11,96
23/06/2020;12:00;11,95
22/06/2020;12:00;11,98
19/06/2020;12:00;11,97
18/06/2020;12:00;11,96
17/06/2020;12:00;11,76
16/06/2020;12:00;11,63
15/06/2020;12:00;11,61
12/06/2020;12:00;11,95
10/06/2020;12:00;12,25
09/06/2020;12:00;12,24
08/06/2020;12:00;12,09
05/06/2020;12:00;12,04
04/06/2020;12:00;11,93
03/06/2020;12:00;11,75
02/06/2020;12:00;11,68
29/05/2020;12:00;11,69
28/05/2020;12:00;11,58
27/05/2020;12:00;11,48
26/05/2020;12:00;11,37
25/05/2020;12:00;11,29
22/05/2020;12:00;11,29
20/05/2020;12:00;11,32
19/05/2020;12:00;11,13
18/05/2020;12:00;10,97
15/05/2020;12:00;10,94
14/05/2020;12:00;11,12
13/05/2020;12:00;11,28
12/05/2020;12:00;11,3
11/05/2020;12:00;11,26
08/05/2020;12:00;11,13
07/05/2020;12:00;11,1
06/05/2020;12:00;10,98
05/05/2020;12:00;11,04
04/05/2020;12:00;11,35
30/04/2020;12:00;11,25
29/04/2020;12:00;11,16
28/04/2020;12:00;11,01
27/04/2020;12:00;10,93
24/04/2020;12:00;10,88
23/04/2020;12:00;10,72
22/04/2020;12:00;10,9
21/04/2020;12:00;11,04
20/04/2020;12:00;10,88
17/04/2020;12:00;10,73
16/04/2020;12:00;10,87
15/04/2020;12:00;10,88
14/04/2020;12:00;10,79
09/04/2020;12:00;10,59
08/04/2020;12:00;10,53
07/04/2020;12:00;10,14
06/04/2020;12:00;10,01
03/04/2020;12:00;9,94
02/04/2020;12:00;10,15
01/04/2020;12:00;10,27
31/03/2020;12:00;10,1
30/03/2020;12:00;10,25
27/03/2020;12:00;10,17
26/03/2020;12:00;9,9
25/03/2020;12:00;9,33
24/03/2020;12:00;9,29
23/03/2020;12:00;9,43
20/03/2020;12:00;9,23
19/03/2020;12:00;9,5
18/03/2020;12:00;9,42
17/03/2020;12:00;9,84
16/03/2020;12:00;9,81
13/03/2020;12:00;10,33
12/03/2020;12:00;10,91
11/03/2020;12:00;10,85
10/03/2020;12:00;11,39
09/03/2020;12:00;11,95
06/03/2020;12:00;12,31
05/03/2020;12:00;12,21
04/03/2020;12:00;12,2
03/03/2020;12:00;12,07
02/03/2020;12:00;12,21
28/02/2020;12:00;12,66
27/02/2020;12:00;12,88
26/02/2020;12:00;13,15
25/02/2020;12:00;13,5
24/02/2020;12:00;13,77
21/02/2020;12:00;13,87
20/02/2020;12:00;13,83
19/02/2020;12:00;13,82
18/02/2020;12:00;13,82
17/02/2020;12:00;13,8
14/02/2020;12:00;13,78
13/02/2020;12:00;13,71
12/02/2020;12:00;13,63
11/02/2020;12:00;13,55
10/02/2020;12:00;13,58
07/02/2020;12:00;13,54
06/02/2020;12:00;13,41
05/02/2020;12:00;13,23
04/02/2020;12:00;13,1
03/02/2020;12:00;13,22
31/01/2020;12:00;13,32
30/01/2020;12:00;13,35
29/01/2020;12:00;13,27
28/01/2020;12:00;13,38
27/01/2020;12:00;13,48
24/01/2020;12:00;13,47
23/01/2020;12:00;13,49
22/01/2020;12:00;13,51
21/01/2020;12:00;13,54
20/01/2020;12:00;13,47
17/01/2020;12:00;13,39
16/01/2020;12:00;13,38
15/01/2020;12:00;13,37
14/01/2020;12:00;13,36
13/01/2020;12:00;13,37
10/01/2020;12:00;13,32
09/01/2020;12:00;13,26
08/01/2020;12:00;13,21
07/01/2020;12:00;13,23
03/01/2020;12:00;13,2
02/01/2020;12:00;13,2
30/12/2019;12:00;13,28
27/12/2019;12:00;13,26
23/12/2019;12:00;13,2
20/12/2019;12:00;13,14
19/12/2019;12:00;13,13
18/12/2019;12:00;13,15
17/12/2019;12:00;13,1
16/12/2019;12:00;12,97
13/12/2019;12:00;12,96
12/12/2019;12:00;12,93
11/12/2019;12:00;12,93
10/12/2019;12:00;12,96
09/12/2019;12:00;12,9
06/12/2019;12:00;12,84
05/12/2019;12:00;12,79
04/12/2019;12:00;12,81
03/12/2019;12:00;12,94
02/12/2019;12:00;13,05
29/11/2019;12:00;13,06
28/11/2019;12:00;13,04
27/11/2019;12:00;13
26/11/2019;12:00;12,92
25/11/2019;12:00;12,83
22/11/2019;12:00;12,84
21/11/2019;12:00;12,89
20/11/2019;12:00;12,91
19/11/2019;12:00;12,92
18/11/2019;12:00;12,89
15/11/2019;12:00;12,88
14/11/2019;12:00;12,89
13/11/2019;12:00;12,87
12/11/2019;12:00;12,86
11/11/2019;12:00;12,85
08/11/2019;12:00;12,81
07/11/2019;12:00;12,77
06/11/2019;12:00;12,72
05/11/2019;12:00;12,64
04/11/2019;12:00;12,56
31/10/2019;12:00;12,58
30/10/2019;12:00;12,58
29/10/2019;12:00;12,55
28/10/2019;12:00;12,5
25/10/2019;12:00;12,45
24/10/2019;12:00;12,43
23/10/2019;12:00;12,43
22/10/2019;12:00;12,37
21/10/2019;12:00;12,4
18/10/2019;12:00;12,44
17/10/2019;12:00;12,47
16/10/2019;12:00;12,4
15/10/2019;12:00;12,36
14/10/2019;12:00;12,24
11/10/2019;12:00;12,15
10/10/2019;12:00;12,08
09/10/2019;12:00;12,16
08/10/2019;12:00;12,2
07/10/2019;12:00;12,11
04/10/2019;12:00;12,1
03/10/2019;12:00;12,24
02/10/2019;12:00;12,44
01/10/2019;12:00;12,45
30/09/2019;12:00;12,42
27/09/2019;12:00;12,41
26/09/2019;12:00;12,37
25/09/2019;12:00;12,43
24/09/2019;12:00;12,45
23/09/2019;12:00;12,47
20/09/2019;12:00;12,44
19/09/2019;12:00;12,43
18/09/2019;12:00;12,42
17/09/2019;12:00;12,43
16/09/2019;12:00;12,47
13/09/2019;12:00;12,45
12/09/2019;12:00;12,36
11/09/2019;12:00;12,34
10/09/2019;12:00;12,34
09/09/2019;12:00;12,34
06/09/2019;12:00;12,24
05/09/2019;12:00;12,16
04/09/2019;12:00;12,16
03/09/2019;12:00;12,14
02/09/2019;12:00;12,08
30/08/2019;12:00;12,11
29/08/2019;12:00;12,04
28/08/2019;12:00;12,02
27/08/2019;12:00;11,98
26/08/2019;12:00;12,11
23/08/2019;12:00;12,17
22/08/2019;12:00;12,12
21/08/2019;12:00;12,12
20/08/2019;12:00;12,06
19/08/2019;12:00;11,9
16/08/2019;12:00;11,95
14/08/2019;12:00;12,02
13/08/2019;12:00;12,05
12/08/2019;12:00;12,14
09/08/2019;12:00;12,02
08/08/2019;12:00;11,94
07/08/2019;12:00;11,92
06/08/2019;12:00;12,12
05/08/2019;12:00;12,41
02/08/2019;12:00;12,46
01/08/2019;12:00;12,49
31/07/2019;12:00;12,58
30/07/2019;12:00;12,63
29/07/2019;12:00;12,59
26/07/2019;12:00;12,62
25/07/2019;12:00;12,6
24/07/2019;12:00;12,49
23/07/2019;12:00;12,44
22/07/2019;12:00;12,45
19/07/2019;12:00;12,46
18/07/2019;12:00;12,54
17/07/2019;12:00;12,53
16/07/2019;12:00;12,51
15/07/2019;12:00;12,48
12/07/2019;12:00;12,48
11/07/2019;12:00;12,48
10/07/2019;12:00;12,5
09/07/2019;12:00;12,54
08/07/2019;12:00;12,56
05/07/2019;12:00;12,56
04/07/2019;12:00;12,48
03/07/2019;12:00;12,42
02/07/2019;12:00;12,33
01/07/2019;12:00;12,24
28/06/2019;12:00;12,19
27/06/2019;12:00;12,19
26/06/2019;12:00;12,23
25/06/2019;12:00;12,28
24/06/2019;12:00;12,33
21/06/2019;12:00;12,29
19/06/2019;12:00;12,17
18/06/2019;12:00;12,12
17/06/2019;12:00;12,12
14/06/2019;12:00;12,1
13/06/2019;12:00;12,11
12/06/2019;12:00;12,11
11/06/2019;12:00;12,01
07/06/2019;12:00;11,95
06/06/2019;12:00;11,89
05/06/2019;12:00;11,77
04/06/2019;12:00;11,77
03/06/2019;12:00;11,86
31/05/2019;12:00;11,93
29/05/2019;12:00;12
28/05/2019;12:00;12
27/05/2019;12:00;11,98
24/05/2019;12:00;12,09
23/05/2019;12:00;12,14
22/05/2019;12:00;12,09
21/05/2019;12:00;12,14
20/05/2019;12:00;12,19
17/05/2019;12:00;12,11
16/05/2019;12:00;12,02
15/05/2019;12:00;11,91
14/05/2019;12:00;12,06
13/05/2019;12:00;12,1
10/05/2019;12:00;12,19
09/05/2019;12:00;12,2
08/05/2019;12:00;12,32
07/05/2019;12:00;12,44
06/05/2019;12:00;12,4
03/05/2019;12:00;12,42
02/05/2019;12:00;12,47
30/04/2019;12:00;12,47
29/04/2019;12:00;12,43
26/04/2019;12:00;12,42
25/04/2019;12:00;12,42
24/04/2019;12:00;12,35
23/04/2019;12:00;12,3
18/04/2019;12:00;12,29
17/04/2019;12:00;12,27
16/04/2019;12:00;12,25
15/04/2019;12:00;12,21
12/04/2019;12:00;12,2
11/04/2019;12:00;12,17
10/04/2019;12:00;12,22
09/04/2019;12:00;12,25
08/04/2019;12:00;12,24
05/04/2019;12:00;12,22
04/04/2019;12:00;12,16
03/04/2019;12:00;12,13
02/04/2019;12:00;12,01
01/04/2019;12:00;11,91
29/03/2019;12:00;11,88
28/03/2019;12:00;11,87
27/03/2019;12:00;11,79
26/03/2019;12:00;11,81
25/03/2019;12:00;11,95
22/03/2019;12:00;11,93
21/03/2019;12:00;11,99
20/03/2019;12:00;11,98
19/03/2019;12:00;11,95
18/03/2019;12:00;11,9
15/03/2019;12:00;11,86
14/03/2019;12:00;11,81
13/03/2019;12:00;11,79
12/03/2019;12:00;11,69
11/03/2019;12:00;11,73
08/03/2019;12:00;11,77
07/03/2019;12:00;11,82
06/03/2019;12:00;11,83
05/03/2019;12:00;11,82
04/03/2019;12:00;11,74
01/03/2019;12:00;11,74
28/02/2019;12:00;11,77
27/02/2019;12:00;11,78
26/02/2019;12:00;11,77
25/02/2019;12:00;11,72
22/02/2019;12:00;11,73
21/02/2019;12:00;11,71
20/02/2019;12:00;11,69
19/02/2019;12:00;11,69
18/02/2019;12:00;11,6
15/02/2019;12:00;11,58
14/02/2019;12:00;11,55
13/02/2019;12:00;11,44
12/02/2019;12:00;11,37
11/02/2019;12:00;11,37
08/02/2019;12:00;11,49
07/02/2019;12:00;11,5
06/02/2019;12:00;11,41
05/02/2019;12:00;11,33
04/02/2019;12:00;11,3
01/02/2019;12:00;11,27
31/01/2019;12:00;11,2
30/01/2019;12:00;11,17
29/01/2019;12:00;11,24
28/01/2019;12:00;11,19
25/01/2019;12:00;11,13
24/01/2019;12:00;11,13
23/01/2019;12:00;11,21
22/01/2019;12:00;11,21
21/01/2019;12:00;11,07
18/01/2019;12:00;11,01
17/01/2019;12:00;10,96
16/01/2019;12:00;10,88
15/01/2019;12:00;10,88
14/01/2019;12:00;10,88
11/01/2019;12:00;10,87
10/01/2019;12:00;10,83
09/01/2019;12:00;10,74
08/01/2019;12:00;10,67
07/01/2019;12:00;10,45
04/01/2019;12:00;10,53
03/01/2019;12:00;10,5
02/01/2019;12:00;10,46
28/12/2018;12:00;10,35
27/12/2018;12:00;10,39
21/12/2018;12:00;10,59
20/12/2018;12:00;10,7
19/12/2018;12:00;10,73
18/12/2018;12:00;10,91
17/12/2018;12:00;11,04
14/12/2018;12:00;11,06
13/12/2018;12:00;10,93
12/12/2018;12:00;10,89
11/12/2018;12:00;10,95
10/12/2018;12:00;11,08
07/12/2018;12:00;11,22
06/12/2018;12:00;11,31
05/12/2018;12:00;11,55
04/12/2018;12:00;11,48
03/12/2018;12:00;11,41
30/11/2018;12:00;11,44
29/11/2018;12:00;11,34
28/11/2018;12:00;11,32
27/11/2018;12:00;11,21
26/11/2018;12:00;11,17
23/11/2018;12:00;11,18
22/11/2018;12:00;11,11
21/11/2018;12:00;11,22
20/11/2018;12:00;11,4
19/11/2018;12:00;11,44
16/11/2018;12:00;11,45
15/11/2018;12:00;11,51
14/11/2018;12:00;11,52
13/11/2018;12:00;11,64
12/11/2018;12:00;11,68
09/11/2018;12:00;11,67
08/11/2018;12:00;11,54
07/11/2018;12:00;11,51
06/11/2018;12:00;11,52
05/11/2018;12:00;11,5
02/11/2018;12:00;11,34
31/10/2018;12:00;11,18
30/10/2018;12:00;11,21
29/10/2018;12:00;11,23
25/10/2018;12:00;11,34
24/10/2018;12:00;11,42
23/10/2018;12:00;11,5
22/10/2018;12:00;11,54
19/10/2018;12:00;11,64
18/10/2018;12:00;11,64
17/10/2018;12:00;11,47
16/10/2018;12:00;11,47
15/10/2018;12:00;11,42
12/10/2018;12:00;11,62
11/10/2018;12:00;11,95
10/10/2018;12:00;12
09/10/2018;12:00;12,04
08/10/2018;12:00;12,13
05/10/2018;12:00;12,22
04/10/2018;12:00;12,22
03/10/2018;12:00;12,23
02/10/2018;12:00;12,22
01/10/2018;12:00;12,22
28/09/2018;12:00;12,18
27/09/2018;12:00;12,16
26/09/2018;12:00;12,15
25/09/2018;12:00;12,18
24/09/2018;12:00;12,17
21/09/2018;12:00;12,12
20/09/2018;12:00;12,09
19/09/2018;12:00;12,05
18/09/2018;12:00;12,07
17/09/2018;12:00;12,05
14/09/2018;12:00;12,04
13/09/2018;12:00;12,03
12/09/2018;12:00;12
11/09/2018;12:00;11,97
10/09/2018;12:00;11,96
07/09/2018;12:00;12,02
06/09/2018;12:00;12,13
05/09/2018;12:00;12,19
04/09/2018;12:00;12,2
03/09/2018;12:00;12,22
31/08/2018;12:00;12,35
30/08/2018;12:00;12,32
29/08/2018;12:00;12,32
28/08/2018;12:00;12,27
27/08/2018;12:00;12,24
24/08/2018;12:00;12,25
23/08/2018;12:00;12,26
22/08/2018;12:00;12,28
21/08/2018;12:00;12,26
20/08/2018;12:00;12,24
17/08/2018;12:00;12,22
16/08/2018;12:00;12,28
14/08/2018;12:00;12,31
13/08/2018;12:00;12,36
10/08/2018;12:00;12,36
09/08/2018;12:00;12,36
08/08/2018;12:00;12,34
07/08/2018;12:00;12,3
06/08/2018;12:00;12,26
03/08/2018;12:00;12,24
02/08/2018;12:00;12,24
01/08/2018;12:00;12,22
31/07/2018;12:00;12,31
30/07/2018;12:00;12,32
27/07/2018;12:00;12,27
26/07/2018;12:00;12,22
25/07/2018;12:00;12,17
24/07/2018;12:00;12,17
23/07/2018;12:00;12,22
20/07/2018;12:00;12,27
19/07/2018;12:00;12,21
18/07/2018;12:00;12,14
17/07/2018;12:00;12,17
16/07/2018;12:00;12,16
13/07/2018;12:00;12,07
12/07/2018;12:00;12,13
11/07/2018;12:00;12,12
10/07/2018;12:00;12,03
09/07/2018;12:00;11,98
06/07/2018;12:00;11,93
05/07/2018;12:00;11,93
04/07/2018;12:00;11,93
03/07/2018;12:00;11,94
02/07/2018;12:00;11,95
29/06/2018;12:00;11,95
28/06/2018;12:00;11,96
27/06/2018;12:00;11,91
26/06/2018;12:00;12,1
25/06/2018;12:00;12,1
22/06/2018;12:00;12,18
21/06/2018;12:00;12,18
20/06/2018;12:00;12,22
19/06/2018;12:00;12,28
18/06/2018;12:00;12,32
15/06/2018;12:00;12,23
14/06/2018;12:00;12,21
13/06/2018;12:00;12,2
12/06/2018;12:00;12,18
11/06/2018;12:00;12,15
08/06/2018;12:00;12,17
07/06/2018;12:00;12,16
06/06/2018;12:00;12,18
05/06/2018;12:00;12,14
04/06/2018;12:00;12,07
01/06/2018;12:00;12,08
30/05/2018;12:00;12,16
29/05/2018;12:00;12,2
28/05/2018;12:00;12,19
25/05/2018;12:00;12,22
24/05/2018;12:00;12,26
23/05/2018;12:00;12,26
22/05/2018;12:00;12,24
18/05/2018;12:00;12,2
17/05/2018;12:00;12,15
16/05/2018;12:00;12,12
15/05/2018;12:00;12,11
14/05/2018;12:00;12,12
11/05/2018;12:00;12,05
09/05/2018;12:00;12
08/05/2018;12:00;11,94
07/05/2018;12:00;11,83
04/05/2018;12:00;11,85
03/05/2018;12:00;11,84
02/05/2018;12:00;11,81
30/04/2018;12:00;11,78
27/04/2018;12:00;11,66
26/04/2018;12:00;11,66
25/04/2018;12:00;11,73
24/04/2018;12:00;11,7
23/04/2018;12:00;11,7
20/04/2018;12:00;11,7
19/04/2018;12:00;11,67
18/04/2018;12:00;11,58
17/04/2018;12:00;11,55
16/04/2018;12:00;11,58
13/04/2018;12:00;11,5
12/04/2018;12:00;11,52
11/04/2018;12:00;11,45
10/04/2018;12:00;11,43
09/04/2018;12:00;11,53
06/04/2018;12:00;11,4
05/04/2018;12:00;11,31
04/04/2018;12:00;11,34
03/04/2018;12:00;11,28
29/03/2018;12:00;11,26
28/03/2018;12:00;11,27
27/03/2018;12:00;11,2
26/03/2018;12:00;11,36
23/03/2018;12:00;11,56
22/03/2018;12:00;11,62
21/03/2018;12:00;11,59
20/03/2018;12:00;11,68
19/03/2018;12:00;11,67
16/03/2018;12:00;11,63
15/03/2018;12:00;11,65
14/03/2018;12:00;11,75
13/03/2018;12:00;11,77
12/03/2018;12:00;11,66
09/03/2018;12:00;11,55
08/03/2018;12:00;11,5
07/03/2018;12:00;11,5
06/03/2018;12:00;11,43
05/03/2018;12:00;11,52
02/03/2018;12:00;11,69
01/03/2018;12:00;11,77
28/02/2018;12:00;11,82
27/02/2018;12:00;11,76
26/02/2018;12:00;11,67
23/02/2018;12:00;11,66
22/02/2018;12:00;11,67
21/02/2018;12:00;11,65
20/02/2018;12:00;11,64
19/02/2018;12:00;11,58
16/02/2018;12:00;11,5
15/02/2018;12:00;11,42
14/02/2018;12:00;11,42
13/02/2018;12:00;11,35
12/02/2018;12:00;11,33
09/02/2018;12:00;11,58
08/02/2018;12:00;11,54
07/02/2018;12:00;11,61
06/02/2018;12:00;11,79
05/02/2018;12:00;12
02/02/2018;12:00;12,07
01/02/2018;12:00;12,11
31/01/2018;12:00;12,22
30/01/2018;12:00;12,28
29/01/2018;12:00;12,2
26/01/2018;12:00;12,24
25/01/2018;12:00;12,32
24/01/2018;12:00;12,33
23/01/2018;12:00;12,27
22/01/2018;12:00;12,19
19/01/2018;12:00;12,19
18/01/2018;12:00;12,17
17/01/2018;12:00;12,17
16/01/2018;12:00;12,18
15/01/2018;12:00;12,18
12/01/2018;12:00;12,2
11/01/2018;12:00;12,25
10/01/2018;12:00;12,23
09/01/2018;12:00;12,18
08/01/2018;12:00;12,07
05/01/2018;12:00;11,97
04/01/2018;12:00;11,9
03/01/2018;12:00;11,86
02/01/2018;12:00;11,92
29/12/2017;12:00;11,96
28/12/2017;12:00;11,98
27/12/2017;12:00;11,99
22/12/2017;12:00;11,97
21/12/2017;12:00;11,99
20/12/2017;12:00;12,04
19/12/2017;12:00;11,99
18/12/2017;12:00;11,91
15/12/2017;12:00;11,96
14/12/2017;12:00;12,01
13/12/2017;12:00;11,98
12/12/2017;12:00;11,95
11/12/2017;12:00;11,9
07/12/2017;12:00;11,84
06/12/2017;12:00;11,85
05/12/2017;12:00;11,82
04/12/2017;12:00;11,83
01/12/2017;12:00;11,86
30/11/2017;12:00;11,87
29/11/2017;12:00;11,79
28/11/2017;12:00;11,77
27/11/2017;12:00;11,81
24/11/2017;12:00;11,83
23/11/2017;12:00;11,87
22/11/2017;12:00;11,83
21/11/2017;12:00;11,77
20/11/2017;12:00;11,76
17/11/2017;12:00;11,71
16/11/2017;12:00;11,7
15/11/2017;12:00;11,8
14/11/2017;12:00;11,85
13/11/2017;12:00;11,91
10/11/2017;12:00;11,99
09/11/2017;12:00;12,03
08/11/2017;12:00;12,05
07/11/2017;12:00;12,04
06/11/2017;12:00;12,01
03/11/2017;12:00;12,01
02/11/2017;12:00;11,97
31/10/2017;12:00;11,95
30/10/2017;12:00;11,88
27/10/2017;12:00;11,8
25/10/2017;12:00;11,79
24/10/2017;12:00;11,8
23/10/2017;12:00;11,75
20/10/2017;12:00;11,76
19/10/2017;12:00;11,78
18/10/2017;12:00;11,77
17/10/2017;12:00;11,76
16/10/2017;12:00;11,74
13/10/2017;12:00;11,73
12/10/2017;12:00;11,73
11/10/2017;12:00;11,73
10/10/2017;12:00;11,75
09/10/2017;12:00;11,76
06/10/2017;12:00;11,74
05/10/2017;12:00;11,72
04/10/2017;12:00;11,71
03/10/2017;12:00;11,68
02/10/2017;12:00;11,62
29/09/2017;12:00;11,6
28/09/2017;12:00;11,56
27/09/2017;12:00;11,52
26/09/2017;12:00;11,5
25/09/2017;12:00;11,47
22/09/2017;12:00;11,47
21/09/2017;12:00;11,44
20/09/2017;12:00;11,44
19/09/2017;12:00;11,42
18/09/2017;12:00;11,43
15/09/2017;12:00;11,44
14/09/2017;12:00;11,42
13/09/2017;12:00;11,38
12/09/2017;12:00;11,27
11/09/2017;12:00;11,22
08/09/2017;12:00;11,22
07/09/2017;12:00;11,21
06/09/2017;12:00;11,24
05/09/2017;12:00;11,26
04/09/2017;12:00;11,26
01/09/2017;12:00;11,19
31/08/2017;12:00;11,19
30/08/2017;12:00;11,19
29/08/2017;12:00;11,27
28/08/2017;12:00;11,32
25/08/2017;12:00;11,33
24/08/2017;12:00;11,36
23/08/2017;12:00;11,34
22/08/2017;12:00;11,32
21/08/2017;12:00;11,36
18/08/2017;12:00;11,46
17/08/2017;12:00;11,47
16/08/2017;12:00;11,37
14/08/2017;12:00;11,34
11/08/2017;12:00;11,45
10/08/2017;12:00;11,51
09/08/2017;12:00;11,54
08/08/2017;12:00;11,52
07/08/2017;12:00;11,47
04/08/2017;12:00;11,45
03/08/2017;12:00;11,47
02/08/2017;12:00;11,47
01/08/2017;12:00;11,48
31/07/2017;12:00;11,53
28/07/2017;12:00;11,58
27/07/2017;12:00;11,57
26/07/2017;12:00;11,54
25/07/2017;12:00;11,53
24/07/2017;12:00;11,61
21/07/2017;12:00;11,68
20/07/2017;12:00;11,63
19/07/2017;12:00;11,64
18/07/2017;12:00;11,7
17/07/2017;12:00;11,7
14/07/2017;12:00;11,66
13/07/2017;12:00;11,58
12/07/2017;12:00;11,53
11/07/2017;12:00;11,53
10/07/2017;12:00;11,5
07/07/2017;12:00;11,55
06/07/2017;12:00;11,6
05/07/2017;12:00;11,59
04/07/2017;12:00;11,56
03/07/2017;12:00;11,53
30/06/2017;12:00;11,61
29/06/2017;12:00;11,66
28/06/2017;12:00;11,74
27/06/2017;12:00;11,8
26/06/2017;12:00;11,79
23/06/2017;12:00;11,79
22/06/2017;12:00;11,81
21/06/2017;12:00;11,86
20/06/2017;12:00;11,82
19/06/2017;12:00;11,77
16/06/2017;12:00;11,77
14/06/2017;12:00;11,75
13/06/2017;12:00;11,76
12/06/2017;12:00;11,79
09/06/2017;12:00;11,76
08/06/2017;12:00;11,76
07/06/2017;12:00;11,79
06/06/2017;12:00;11,8
02/06/2017;12:00;11,75
01/06/2017;12:00;11,73
31/05/2017;12:00;11,74
30/05/2017;12:00;11,74
29/05/2017;12:00;11,74
26/05/2017;12:00;11,72
24/05/2017;12:00;11,69
23/05/2017;12:00;11,67
22/05/2017;12:00;11,65
19/05/2017;12:00;11,63
18/05/2017;12:00;11,78
17/05/2017;12:00;11,87
16/05/2017;12:00;11,88
15/05/2017;12:00;11,9
12/05/2017;12:00;11,91
11/05/2017;12:00;11,91
10/05/2017;12:00;11,89
09/05/2017;12:00;11,85
08/05/2017;12:00;11,82
05/05/2017;12:00;11,77
04/05/2017;12:00;11,75
03/05/2017;12:00;11,71
02/05/2017;12:00;11,69
28/04/2017;12:00;11,71
27/04/2017;12:00;11,7
26/04/2017;12:00;11,67
25/04/2017;12:00;11,6
24/04/2017;12:00;11,5
21/04/2017;12:00;11,47
20/04/2017;12:00;11,46
19/04/2017;12:00;11,51
18/04/2017;12:00;11,58
13/04/2017;12:00;11,61
12/04/2017;12:00;11,63
11/04/2017;12:00;11,63
10/04/2017;12:00;11,6
07/04/2017;12:00;11,58
06/04/2017;12:00;11,59
05/04/2017;12:00;11,58
04/04/2017;12:00;11,6
03/04/2017;12:00;11,58
31/03/2017;12:00;11,54
30/03/2017;12:00;11,49
29/03/2017;12:00;11,4
28/03/2017;12:00;11,39
27/03/2017;12:00;11,43
24/03/2017;12:00;11,41
23/03/2017;12:00;11,39
22/03/2017;12:00;11,48
21/03/2017;12:00;11,54
20/03/2017;12:00;11,54
17/03/2017;12:00;11,53
16/03/2017;12:00;11,49
15/03/2017;12:00;11,48
14/03/2017;12:00;11,48
13/03/2017;12:00;11,48
10/03/2017;12:00;11,48
09/03/2017;12:00;11,48
08/03/2017;12:00;11,48
07/03/2017;12:00;11,51
06/03/2017;12:00;11,54
03/03/2017;12:00;11,58
02/03/2017;12:00;11,47
01/03/2017;12:00;11,4
28/02/2017;12:00;11,39
27/02/2017;12:00;11,41
24/02/2017;12:00;11,47
23/02/2017;12:00;11,49
22/02/2017;12:00;11,43
21/02/2017;12:00;11,37
20/02/2017;12:00;11,35
17/02/2017;12:00;11,39
16/02/2017;12:00;11,39
15/02/2017;12:00;11,34
14/02/2017;12:00;11,3
13/02/2017;12:00;11,22
10/02/2017;12:00;11,16
09/02/2017;12:00;11,11
08/02/2017;12:00;11,12
07/02/2017;12:00;11,13
06/02/2017;12:00;11,09
03/02/2017;12:00;11,05
02/02/2017;12:00;11,03
01/02/2017;12:00;11,05
31/01/2017;12:00;11,14
30/01/2017;12:00;11,19
27/01/2017;12:00;11,19
26/01/2017;12:00;11,12
25/01/2017;12:00;11,04
24/01/2017;12:00;11,06
23/01/2017;12:00;11,09
20/01/2017;12:00;11,09
19/01/2017;12:00;11,07
18/01/2017;12:00;11,1
17/01/2017;12:00;11,15
16/01/2017;12:00;11,14
13/01/2017;12:00;11,13
12/01/2017;12:00;11,18
11/01/2017;12:00;11,16
10/01/2017;12:00;11,17
09/01/2017;12:00;11,18
05/01/2017;12:00;11,2
04/01/2017;12:00;11,15
03/01/2017;12:00;11,09
02/01/2017;12:00;11,08
30/12/2016;12:00;11,1
29/12/2016;12:00;11,13
28/12/2016;12:00;11,11
27/12/2016;12:00;11,11
23/12/2016;12:00;11,11
22/12/2016;12:00;11,15
21/12/2016;12:00;11,14
20/12/2016;12:00;11,1
19/12/2016;12:00;11,1
16/12/2016;12:00;11,02
15/12/2016;12:00;10,99
14/12/2016;12:00;10,99
13/12/2016;12:00;10,98
12/12/2016;12:00;10,93
09/12/2016;12:00;10,76
07/12/2016;12:00;10,6
06/12/2016;12:00;10,55
05/12/2016;12:00;10,56
02/12/2016;12:00;10,6
01/12/2016;12:00;10,62
30/11/2016;12:00;10,61
29/11/2016;12:00;10,62
28/11/2016;12:00;10,65
25/11/2016;12:00;10,65
24/11/2016;12:00;10,62
23/11/2016;12:00;10,61
22/11/2016;12:00;10,57
21/11/2016;12:00;10,55
18/11/2016;12:00;10,51
17/11/2016;12:00;10,48
16/11/2016;12:00;10,45
15/11/2016;12:00;10,41
14/11/2016;12:00;10,4
11/11/2016;12:00;10,41
10/11/2016;12:00;10,29
09/11/2016;12:00;10,23
08/11/2016;12:00;10,11
07/11/2016;12:00;10,07
04/11/2016;12:00;10,11
03/11/2016;12:00;10,18
02/11/2016;12:00;10,34
31/10/2016;12:00;10,41
28/10/2016;12:00;10,43
27/10/2016;12:00;10,46
25/10/2016;12:00;10,51
24/10/2016;12:00;10,47
21/10/2016;12:00;10,45
20/10/2016;12:00;10,42
19/10/2016;12:00;10,35
18/10/2016;12:00;10,32
17/10/2016;12:00;10,31
14/10/2016;12:00;10,28
13/10/2016;12:00;10,32
12/10/2016;12:00;10,36
11/10/2016;12:00;10,34
10/10/2016;12:00;10,34
07/10/2016;12:00;10,38
06/10/2016;12:00;10,38
05/10/2016;12:00;10,38
04/10/2016;12:00;10,35
03/10/2016;12:00;10,32
30/09/2016;12:00;10,35
29/09/2016;12:00;10,31
28/09/2016;12:00;10,26
27/09/2016;12:00;10,31
26/09/2016;12:00;10,41
23/09/2016;12:00;10,4
22/09/2016;12:00;10,29
21/09/2016;12:00;10,25
20/09/2016;12:00;10,22
19/09/2016;12:00;10,18
16/09/2016;12:00;10,17
15/09/2016;12:00;10,17
14/09/2016;12:00;10,25
13/09/2016;12:00;10,27
12/09/2016;12:00;10,39
09/09/2016;12:00;10,47
08/09/2016;12:00;10,49
07/09/2016;12:00;10,51
06/09/2016;12:00;10,49
05/09/2016;12:00;10,42
02/09/2016;12:00;10,38
01/09/2016;12:00;10,4
31/08/2016;12:00;10,53
30/08/2016;12:00;10,49
29/08/2016;12:00;10,45
26/08/2016;12:00;10,46
25/08/2016;12:00;10,49
24/08/2016;12:00;10,45
23/08/2016;12:00;10,42
22/08/2016;12:00;10,45
19/08/2016;12:00;10,46
18/08/2016;12:00;10,46
17/08/2016;12:00;10,54
16/08/2016;12:00;10,58
12/08/2016;12:00;10,55
11/08/2016;12:00;10,53
10/08/2016;12:00;10,53
09/08/2016;12:00;10,48
08/08/2016;12:00;10,4
05/08/2016;12:00;10,32
04/08/2016;12:00;10,28
03/08/2016;12:00;10,35
02/08/2016;12:00;10,42
01/08/2016;12:00;10,44
29/07/2016;12:00;10,45
28/07/2016;12:00;10,48
27/07/2016;12:00;10,46
26/07/2016;12:00;10,46
25/07/2016;12:00;10,44
22/07/2016;12:00;10,44
21/07/2016;12:00;10,41
20/07/2016;12:00;10,36
19/07/2016;12:00;10,35
18/07/2016;12:00;10,34
15/07/2016;12:00;10,32
14/07/2016;12:00;10,3
13/07/2016;12:00;10,26
12/07/2016;12:00;10,14
11/07/2016;12:00;10
08/07/2016;12:00;9,92
07/07/2016;12:00;9,91
06/07/2016;12:00;10
05/07/2016;12:00;10,07
04/07/2016;12:00;10,07
01/07/2016;12:00;9,98
30/06/2016;12:00;9,83
29/06/2016;12:00;9,66
28/06/2016;12:00;9,71
27/06/2016;12:00;10,08
24/06/2016;12:00;10,19
23/06/2016;12:00;10,16
22/06/2016;12:00;10,11
21/06/2016;12:00;9,99
20/06/2016;12:00;9,87
17/06/2016;12:00;9,86
16/06/2016;12:00;9,86
15/06/2016;12:00;9,89
14/06/2016;12:00;10,02
13/06/2016;12:00;10,16
10/06/2016;12:00;10,28
09/06/2016;12:00;10,3
08/06/2016;12:00;10,26
07/06/2016;12:00;10,23
06/06/2016;12:00;10,29
03/06/2016;12:00;10,31
02/06/2016;12:00;10,32
01/06/2016;12:00;10,36
31/05/2016;12:00;10,38
30/05/2016;12:00;10,34
27/05/2016;12:00;10,28
25/05/2016;12:00;10,11
24/05/2016;12:00;10,04
23/05/2016;12:00;10
20/05/2016;12:00;9,99
19/05/2016;12:00;9,99
18/05/2016;12:00;9,98
17/05/2016;12:00;9,95
13/05/2016;12:00;9,95
12/05/2016;12:00;10
11/05/2016;12:00;9,97
10/05/2016;12:00;9,91
09/05/2016;12:00;9,88
06/05/2016;12:00;9,9
04/05/2016;12:00;9,98
03/05/2016;12:00;10,05
02/05/2016;12:00;10,15
29/04/2016;12:00;10,24
28/04/2016;12:00;10,26
27/04/2016;12:00;10,23
26/04/2016;12:00;10,26
25/04/2016;12:00;10,28
22/04/2016;12:00;10,28
21/04/2016;12:00;10,26
20/04/2016;12:00;10,21
19/04/2016;12:00;10,15
18/04/2016;12:00;10,16
15/04/2016;12:00;10,15
14/04/2016;12:00;10,02
13/04/2016;12:00;9,84
12/04/2016;12:00;9,83
11/04/2016;12:00;9,78
08/04/2016;12:00;9,8
07/04/2016;12:00;9,77
06/04/2016;12:00;9,83
05/04/2016;12:00;9,9
04/04/2016;12:00;9,88
01/04/2016;12:00;9,99
31/03/2016;12:00;10
30/03/2016;12:00;9,95
29/03/2016;12:00;9,98
24/03/2016;12:00;10,05
23/03/2016;12:00;10,02
22/03/2016;12:00;10,01
21/03/2016;12:00;9,98
18/03/2016;12:00;9,98
17/03/2016;12:00;10
16/03/2016;12:00;10,01
15/03/2016;12:00;10,03
14/03/2016;12:00;9,94
11/03/2016;12:00;9,94
10/03/2016;12:00;9,91
09/03/2016;12:00;9,93
08/03/2016;12:00;10
07/03/2016;12:00;9,99
04/03/2016;12:00;9,98
03/03/2016;12:00;9,95
02/03/2016;12:00;9,8
01/03/2016;12:00;9,73
29/02/2016;12:00;9,65
26/02/2016;12:00;9,53
25/02/2016;12:00;9,5
24/02/2016;12:00;9,64
23/02/2016;12:00;9,6
22/02/2016;12:00;9,53
19/02/2016;12:00;9,55
18/02/2016;12:00;9,42
17/02/2016;12:00;9,28
16/02/2016;12:00;9,18
15/02/2016;12:00;8,97
12/02/2016;12:00;8,98
11/02/2016;12:00;9,08
10/02/2016;12:00;9,11
09/02/2016;12:00;9,32
08/02/2016;12:00;9,49
05/02/2016;12:00;9,56
04/02/2016;12:00;9,64
03/02/2016;12:00;9,79
02/02/2016;12:00;9,89
01/02/2016;12:00;9,74
29/01/2016;12:00;9,7
28/01/2016;12:00;9,75
27/01/2016;12:00;9,71
26/01/2016;12:00;9,73
25/01/2016;12:00;9,63
22/01/2016;12:00;9,43
21/01/2016;12:00;9,49
20/01/2016;12:00;9,59
19/01/2016;12:00;9,54
18/01/2016;12:00;9,67
15/01/2016;12:00;9,8
14/01/2016;12:00;9,92
13/01/2016;12:00;9,9
11/01/2016;12:00;9,96
08/01/2016;12:00;10,11
07/01/2016;12:00;10,32
05/01/2016;12:00;10,43
04/01/2016;12:00;10,6
30/12/2015;12:00;10,57
29/12/2015;12:00;10,51
28/12/2015;12:00;10,48
23/12/2015;12:00;10,37
22/12/2015;12:00;10,4
21/12/2015;12:00;10,5
18/12/2015;12:00;10,54
17/12/2015;12:00;10,43
16/12/2015;12:00;10,29
15/12/2015;12:00;10,24
14/12/2015;12:00;10,41
11/12/2015;12:00;10,5
10/12/2015;12:00;10,56
09/12/2015;12:00;10,65
07/12/2015;12:00;10,7
04/12/2015;12:00;10,93
03/12/2015;12:00;11,09
02/12/2015;12:00;11,08
01/12/2015;12:00;11,09
30/11/2015;12:00;11,07
27/11/2015;12:00;11,06
26/11/2015;12:00;10,99
25/11/2015;12:00;10,94
24/11/2015;12:00;10,99
23/11/2015;12:00;10,96
20/11/2015;12:00;10,95
19/11/2015;12:00;10,87
18/11/2015;12:00;10,8
17/11/2015;12:00;10,66
16/11/2015;12:00;10,69
13/11/2015;12:00;10,84
12/11/2015;12:00;10,9
11/11/2015;12:00;10,86
10/11/2015;12:00;10,89
09/11/2015;12:00;10,89
06/11/2015;12:00;10,87
05/11/2015;12:00;10,86
04/11/2015;12:00;10,81
03/11/2015;12:00;10,74
02/11/2015;12:00;10,75
30/10/2015;12:00;10,76
29/10/2015;12:00;10,66
28/10/2015;12:00;10,66
27/10/2015;12:00;10,63
23/10/2015;12:00;10,34
22/10/2015;12:00;10,27
21/10/2015;12:00;10,27
20/10/2015;12:00;10,29
19/10/2015;12:00;10,24
16/10/2015;12:00;10,11
15/10/2015;12:00;10,11
14/10/2015;12:00;10,19
13/10/2015;12:00;10,23
12/10/2015;12:00;10,24
09/10/2015;12:00;10,23
08/10/2015;12:00;10,19
07/10/2015;12:00;10,18
06/10/2015;12:00;10,07
05/10/2015;12:00;9,88
02/10/2015;12:00;9,86
01/10/2015;12:00;9,73
30/09/2015;12:00;9,67
29/09/2015;12:00;9,83
28/09/2015;12:00;9,86
25/09/2015;12:00;9,84
24/09/2015;12:00;9,94
23/09/2015;12:00;10,04
22/09/2015;12:00;10,05
21/09/2015;12:00;10,1
18/09/2015;12:00;10,22
17/09/2015;12:00;10,17
16/09/2015;12:00;10,05
15/09/2015;12:00;10,04
14/09/2015;12:00;10,1
11/09/2015;12:00;10,18
10/09/2015;12:00;10,23
09/09/2015;12:00;10,1
08/09/2015;12:00;10,03
07/09/2015;12:00;10,13
04/09/2015;12:00;10,12
03/09/2015;12:00;9,99
02/09/2015;12:00;10,12
01/09/2015;12:00;10,26
31/08/2015;12:00;10,4
28/08/2015;12:00;10,22
27/08/2015;12:00;9,99
26/08/2015;12:00;9,9
25/08/2015;12:00;10,05
24/08/2015;12:00;10,54
21/08/2015;12:00;10,84
20/08/2015;12:00;11,04
19/08/2015;12:00;11,11
18/08/2015;12:00;11,07
17/08/2015;12:00;11,05
14/08/2015;12:00;11,04
13/08/2015;12:00;11,08
12/08/2015;12:00;11,3
11/08/2015;12:00;11,35
10/08/2015;12:00;11,37
07/08/2015;12:00;11,45
06/08/2015;12:00;11,42
05/08/2015;12:00;11,36
04/08/2015;12:00;11,34
03/08/2015;12:00;11,33
31/07/2015;12:00;11,29
30/07/2015;12:00;11,21
29/07/2015;12:00;11,1
28/07/2015;12:00;11,16
27/07/2015;12:00;11,32
24/07/2015;12:00;11,4
23/07/2015;12:00;11,46
22/07/2015;12:00;11,54
21/07/2015;12:00;11,56
20/07/2015;12:00;11,52
17/07/2015;12:00;11,46
16/07/2015;12:00;11,35
15/07/2015;12:00;11,3
14/07/2015;12:00;11,17
13/07/2015;12:00;10,97
10/07/2015;12:00;10,84
09/07/2015;12:00;10,84
08/07/2015;12:00;10,9
07/07/2015;12:00;10,98
06/07/2015;12:00;11,04
03/07/2015;12:00;11,09
02/07/2015;12:00;11,04
01/07/2015;12:00;10,97
30/06/2015;12:00;11,19
29/06/2015;12:00;11,28
26/06/2015;12:00;11,29
25/06/2015;12:00;11,32
24/06/2015;12:00;11,23
23/06/2015;12:00;11,11
22/06/2015;12:00;11,01
19/06/2015;12:00;10,97
18/06/2015;12:00;11
17/06/2015;12:00;11
16/06/2015;12:00;11,03
15/06/2015;12:00;11,15
12/06/2015;12:00;11,16
11/06/2015;12:00;11,04
10/06/2015;12:00;10,98
09/06/2015;12:00;11,08
08/06/2015;12:00;11,13
05/06/2015;12:00;11,22
03/06/2015;12:00;11,37
02/06/2015;12:00;11,41
01/06/2015;12:00;11,48
29/05/2015;12:00;11,58
28/05/2015;12:00;11,54
27/05/2015;12:00;11,53
26/05/2015;12:00;11,54
22/05/2015;12:00;11,49
21/05/2015;12:00;11,47
20/05/2015;12:00;11,37
19/05/2015;12:00;11,22
18/05/2015;12:00;11,22
15/05/2015;12:00;11,16
13/05/2015;12:00;11,23
12/05/2015;12:00;11,3
11/05/2015;12:00;11,17
08/05/2015;12:00;11,03
07/05/2015;12:00;11,09
06/05/2015;12:00;11,23
05/05/2015;12:00;11,24
04/05/2015;12:00;11,21
30/04/2015;12:00;11,41
29/04/2015;12:00;11,56
28/04/2015;12:00;11,64
27/04/2015;12:00;11,58
24/04/2015;12:00;11,59
23/04/2015;12:00;11,59
22/04/2015;12:00;11,6
21/04/2015;12:00;11,5
20/04/2015;12:00;11,54
17/04/2015;12:00;11,69
16/04/2015;12:00;11,73
15/04/2015;12:00;11,73
14/04/2015;12:00;11,76
13/04/2015;12:00;11,7
10/04/2015;12:00;11,54
09/04/2015;12:00;11,45
08/04/2015;12:00;11,39
07/04/2015;12:00;11,34
02/04/2015;12:00;11,32
01/04/2015;12:00;11,35
31/03/2015;12:00;11,3
30/03/2015;12:00;11,22
27/03/2015;12:00;11,17
26/03/2015;12:00;11,27
25/03/2015;12:00;11,35
24/03/2015;12:00;11,39
23/03/2015;12:00;11,42
20/03/2015;12:00;11,41
19/03/2015;12:00;11,39
18/03/2015;12:00;11,38
17/03/2015;12:00;11,4
16/03/2015;12:00;11,33
13/03/2015;12:00;11,28
12/03/2015;12:00;11,2
11/03/2015;12:00;11,17
10/03/2015;12:00;11,15
09/03/2015;12:00;11,14
06/03/2015;12:00;11,08
05/03/2015;12:00;11,01
04/03/2015;12:00;11,02
03/03/2015;12:00;11,02
02/03/2015;12:00;11
27/02/2015;12:00;10,94
26/02/2015;12:00;10,91
25/02/2015;12:00;10,89
24/02/2015;12:00;10,87
23/02/2015;12:00;10,81
20/02/2015;12:00;10,78
19/02/2015;12:00;10,72
18/02/2015;12:00;10,67
17/02/2015;12:00;10,67
16/02/2015;12:00;10,66
13/02/2015;12:00;10,59
12/02/2015;12:00;10,55
11/02/2015;12:00;10,51
10/02/2015;12:00;10,5
09/02/2015;12:00;10,51
06/02/2015;12:00;10,47
05/02/2015;12:00;10,46
04/02/2015;12:00;10,42
03/02/2015;12:00;10,35
02/02/2015;12:00;10,38
30/01/2015;12:00;10,4
29/01/2015;12:00;10,39
28/01/2015;12:00;10,48
27/01/2015;12:00;10,51
26/01/2015;12:00;10,43
23/01/2015;12:00;10,18
22/01/2015;12:00;10,09
21/01/2015;12:00;10,04
20/01/2015;12:00;10,01
19/01/2015;12:00;9,93
16/01/2015;12:00;9,82
15/01/2015;12:00;9,78
14/01/2015;12:00;9,81
13/01/2015;12:00;9,75
12/01/2015;12:00;9,81
09/01/2015;12:00;9,73
08/01/2015;12:00;9,58
07/01/2015;12:00;9,61
05/01/2015;12:00;9,78
02/01/2015;12:00;9,79
30/12/2014;12:00;9,8
29/12/2014;12:00;9,78
23/12/2014;12:00;9,71
22/12/2014;12:00;9,65
19/12/2014;12:00;9,5
18/12/2014;12:00;9,29
17/12/2014;12:00;9,23
16/12/2014;12:00;9,3
15/12/2014;12:00;9,47
12/12/2014;12:00;9,55
11/12/2014;12:00;9,61
10/12/2014;12:00;9,72
09/12/2014;12:00;9,83
05/12/2014;12:00;9,8
04/12/2014;12:00;9,8
03/12/2014;12:00;9,73
02/12/2014;12:00;9,72
01/12/2014;12:00;9,77
28/11/2014;12:00;9,76
27/11/2014;12:00;9,76
26/11/2014;12:00;9,77
25/11/2014;12:00;9,74
24/11/2014;12:00;9,64
21/11/2014;12:00;9,54
20/11/2014;12:00;9,56
19/11/2014;12:00;9,54
18/11/2014;12:00;9,5
17/11/2014;12:00;9,52
14/11/2014;12:00;9,51
13/11/2014;12:00;9,52
12/11/2014;12:00;9,55
11/11/2014;12:00;9,51
10/11/2014;12:00;9,51
07/11/2014;12:00;9,49
06/11/2014;12:00;9,44
05/11/2014;12:00;9,43
04/11/2014;12:00;9,48
03/11/2014;12:00;9,42
31/10/2014;12:00;9,28
30/10/2014;12:00;9,22
29/10/2014;12:00;9,15
28/10/2014;12:00;9,15
27/10/2014;12:00;9,16
24/10/2014;12:00;9,11
23/10/2014;12:00;9,08
22/10/2014;12:00;8,95
21/10/2014;12:00;8,86
20/10/2014;12:00;8,77
17/10/2014;12:00;8,7
16/10/2014;12:00;8,83
15/10/2014;12:00;8,93
14/10/2014;12:00;8,97
13/10/2014;12:00;9,05
10/10/2014;12:00;9,17
09/10/2014;12:00;9,2
08/10/2014;12:00;9,32
07/10/2014;12:00;9,38
06/10/2014;12:00;9,33
03/10/2014;12:00;9,34
02/10/2014;12:00;9,48
01/10/2014;12:00;9,51
30/09/2014;12:00;9,49
29/09/2014;12:00;9,47
26/09/2014;12:00;9,52
25/09/2014;12:00;9,49
24/09/2014;12:00;9,51
23/09/2014;12:00;9,59
22/09/2014;12:00;9,62
19/09/2014;12:00;9,59
18/09/2014;12:00;9,52
17/09/2014;12:00;9,5
16/09/2014;12:00;9,52
15/09/2014;12:00;9,55
12/09/2014;12:00;9,56
11/09/2014;12:00;9,55
10/09/2014;12:00;9,58
09/09/2014;12:00;9,61
08/09/2014;12:00;9,61
05/09/2014;12:00;9,56
04/09/2014;12:00;9,48
03/09/2014;12:00;9,45
02/09/2014;12:00;9,44
01/09/2014;12:00;9,41
29/08/2014;12:00;9,44
28/08/2014;12:00;9,46
27/08/2014;12:00;9,43
26/08/2014;12:00;9,36
25/08/2014;12:00;9,31
22/08/2014;12:00;9,3
21/08/2014;12:00;9,26
20/08/2014;12:00;9,22
19/08/2014;12:00;9,14
18/08/2014;12:00;9,11
14/08/2014;12:00;9,07
13/08/2014;12:00;9,07
12/08/2014;12:00;9,03
11/08/2014;12:00;8,97
08/08/2014;12:00;9,02
07/08/2014;12:00;9,07
06/08/2014;12:00;9,1
05/08/2014;12:00;9,1
04/08/2014;12:00;9,14
01/08/2014;12:00;9,29
31/07/2014;12:00;9,35
30/07/2014;12:00;9,36
29/07/2014;12:00;9,36
28/07/2014;12:00;9,39
25/07/2014;12:00;9,4
24/07/2014;12:00;9,38
23/07/2014;12:00;9,32
22/07/2014;12:00;9,28
21/07/2014;12:00;9,28
18/07/2014;12:00;9,34
17/07/2014;12:00;9,31
16/07/2014;12:00;9,26
15/07/2014;12:00;9,25
14/07/2014;12:00;9,21
11/07/2014;12:00;9,24
10/07/2014;12:00;9,28
09/07/2014;12:00;9,33
08/07/2014;12:00;9,42
07/07/2014;12:00;9,46
04/07/2014;12:00;9,43
03/07/2014;12:00;9,38
02/07/2014;12:00;9,33
01/07/2014;12:00;9,31
30/06/2014;12:00;9,31
27/06/2014;12:00;9,31
26/06/2014;12:00;9,32
25/06/2014;12:00;9,37
24/06/2014;12:00;9,42
23/06/2014;12:00;9,42
20/06/2014;12:00;9,4
18/06/2014;12:00;9,36
17/06/2014;12:00;9,36
16/06/2014;12:00;9,37
13/06/2014;12:00;9,4
12/06/2014;12:00;9,42
11/06/2014;12:00;9,43
10/06/2014;12:00;9,38
06/06/2014;12:00;9,32
05/06/2014;12:00;9,26
04/06/2014;12:00;9,27
03/06/2014;12:00;9,28
02/06/2014;12:00;9,27
30/05/2014;12:00;9,26
28/05/2014;12:00;9,22
27/05/2014;12:00;9,18
26/05/2014;12:00;9,13
23/05/2014;12:00;9,09
22/05/2014;12:00;9,04
21/05/2014;12:00;9,03
20/05/2014;12:00;9,02
19/05/2014;12:00;9,01
16/05/2014;12:00;9,06
15/05/2014;12:00;9,11
14/05/2014;12:00;9,1
13/05/2014;12:00;9,05
12/05/2014;12:00;8,99
09/05/2014;12:00;8,94
08/05/2014;12:00;8,91
07/05/2014;12:00;8,95
06/05/2014;12:00;8,98
05/05/2014;12:00;8,99
02/05/2014;12:00;8,99
30/04/2014;12:00;8,94
29/04/2014;12:00;8,89
28/04/2014;12:00;8,96
25/04/2014;12:00;8,98
24/04/2014;12:00;8,99
23/04/2014;12:00;8,96
22/04/2014;12:00;8,88
17/04/2014;12:00;8,82
16/04/2014;12:00;8,78
15/04/2014;12:00;8,77
14/04/2014;12:00;8,8
11/04/2014;12:00;8,94
10/04/2014;12:00;8,94
09/04/2014;12:00;8,93
08/04/2014;12:00;9,02
07/04/2014;12:00;9,1
04/04/2014;12:00;9,08
03/04/2014;12:00;9,06
02/04/2014;12:00;9,02
01/04/2014;12:00;8,97
31/03/2014;12:00;8,92
28/03/2014;12:00;8,89
27/03/2014;12:00;8,88
26/03/2014;12:00;8,82
25/03/2014;12:00;8,83
24/03/2014;12:00;8,87
21/03/2014;12:00;8,85
20/03/2014;12:00;8,84
19/03/2014;12:00;8,8
18/03/2014;12:00;8,73
17/03/2014;12:00;8,72
14/03/2014;12:00;8,8
13/03/2014;12:00;8,88
12/03/2014;12:00;8,94
11/03/2014;12:00;8,94
10/03/2014;12:00;9
07/03/2014;12:00;9,07
06/03/2014;12:00;9,04
05/03/2014;12:00;8,95
04/03/2014;12:00;8,93
03/03/2014;12:00;9,02
28/02/2014;12:00;9,03
27/02/2014;12:00;9,02
26/02/2014;12:00;9,03
25/02/2014;12:00;9
24/02/2014;12:00;8,98
21/02/2014;12:00;8,95
20/02/2014;12:00;8,96
19/02/2014;12:00;8,96
18/02/2014;12:00;8,95
17/02/2014;12:00;8,92
14/02/2014;12:00;8,9
13/02/2014;12:00;8,89
12/02/2014;12:00;8,79
11/02/2014;12:00;8,76
10/02/2014;12:00;8,73
07/02/2014;12:00;8,66
06/02/2014;12:00;8,58
05/02/2014;12:00;8,58
04/02/2014;12:00;8,69
03/02/2014;12:00;8,73
31/01/2014;12:00;8,72
30/01/2014;12:00;8,74
29/01/2014;12:00;8,71
28/01/2014;12:00;8,72
27/01/2014;12:00;8,84
24/01/2014;12:00;8,99
23/01/2014;12:00;9,05
22/01/2014;12:00;9,04
21/01/2014;12:00;9,03
20/01/2014;12:00;9,03
17/01/2014;12:00;9,03
16/01/2014;12:00;9
15/01/2014;12:00;8,91
14/01/2014;12:00;8,94
13/01/2014;12:00;8,94
10/01/2014;12:00;8,93
09/01/2014;12:00;8,94
08/01/2014;12:00;8,87
07/01/2014;12:00;8,87
03/01/2014;12:00;8,88
02/01/2014;12:00;8,86
